{"class_name": "Model", "keras_version": "2.2.4", "config": {"layers": [{"class_name": "InputLayer", "config": {"dtype": "string", "batch_input_shape": [null, 20, 1], "name": "input_1", "sparse": false}, "inbound_nodes": [], "name": "input_1"}, {"class_name": "InputLayer", "config": {"dtype": "float32", "batch_input_shape": [null, 20, 100], "name": "input_2", "sparse": false}, "inbound_nodes": [], "name": "input_2"}, {"class_name": "InputLayer", "config": {"dtype": "float32", "batch_input_shape": [null, 20, 29], "name": "input_3", "sparse": false}, "inbound_nodes": [], "name": "input_3"}, {"class_name": "TimeDistributed", "config": {"layer": {"class_name": "Model", "config": {"layers": [{"class_name": "InputLayer", "inbound_nodes": [], "config": {"dtype": "string", "batch_input_shape": [null, 1], "name": "tweet_char", "sparse": false}, "name": "tweet_char"}, {"class_name": "Elmo_Layer", "inbound_nodes": [[["tweet_char", 0, 0, {}]]], "config": {"trainable": true, "name": "elmo__layer_1"}, "name": "elmo__layer_1"}, {"class_name": "Dense", "inbound_nodes": [[["elmo__layer_1", 0, 0, {}]]], "config": {"kernel_initializer": {"class_name": "VarianceScaling", "config": {"distribution": "uniform", "scale": 1.0, "seed": null, "mode": "fan_avg"}}, "name": "dense_1", "kernel_constraint": null, "bias_regularizer": null, "bias_constraint": null, "activation": "tanh", "trainable": true, "kernel_regularizer": null, "bias_initializer": {"class_name": "Zeros", "config": {}}, "units": 100, "use_bias": true, "activity_regularizer": null}, "name": "dense_1"}], "input_layers": [["tweet_char", 0, 0]], "name": "model_1", "output_layers": [["dense_1", 0, 0]]}}, "trainable": true, "name": "time_distributed_1"}, "inbound_nodes": [[["input_1", 0, 0, {}]]], "name": "time_distributed_1"}, {"class_name": "TimeDistributed", "config": {"layer": {"class_name": "Model", "config": {"layers": [{"class_name": "InputLayer", "inbound_nodes": [], "config": {"dtype": "float32", "batch_input_shape": [null, 100], "name": "tweet_word", "sparse": false}, "name": "tweet_word"}, {"class_name": "Dense", "inbound_nodes": [[["tweet_word", 0, 0, {}]]], "config": {"kernel_initializer": {"class_name": "VarianceScaling", "config": {"distribution": "uniform", "scale": 1.0, "seed": null, "mode": "fan_avg"}}, "name": "dense_2", "kernel_constraint": null, "bias_regularizer": null, "bias_constraint": null, "activation": "tanh", "trainable": true, "kernel_regularizer": null, "bias_initializer": {"class_name": "Zeros", "config": {}}, "units": 100, "use_bias": true, "activity_regularizer": null}, "name": "dense_2"}], "input_layers": [["tweet_word", 0, 0]], "name": "model_2", "output_layers": [["dense_2", 0, 0]]}}, "trainable": true, "name": "time_distributed_2"}, "inbound_nodes": [[["input_2", 0, 0, {}]]], "name": "time_distributed_2"}, {"class_name": "TimeDistributed", "config": {"layer": {"class_name": "Model", "config": {"layers": [{"class_name": "InputLayer", "inbound_nodes": [], "config": {"dtype": "float32", "batch_input_shape": [null, 29], "name": "info_bi_input", "sparse": false}, "name": "info_bi_input"}, {"class_name": "Embedding", "inbound_nodes": [[["info_bi_input", 0, 0, {}]]], "config": {"embeddings_initializer": {"class_name": "RandomUniform", "config": {"maxval": 0.05, "seed": null, "minval": -0.05}}, "name": "embedding_1", "dtype": "float32", "output_dim": 64, "trainable": true, "embeddings_regularizer": null, "input_dim": 20775, "mask_zero": false, "embeddings_constraint": null, "batch_input_shape": [null, 29], "activity_regularizer": null, "input_length": 29}, "name": "embedding_1"}, {"class_name": "Flatten", "inbound_nodes": [[["embedding_1", 0, 0, {}]]], "config": {"trainable": true, "name": "flatten_1", "data_format": "channels_last"}, "name": "flatten_1"}, {"class_name": "Dense", "inbound_nodes": [[["flatten_1", 0, 0, {}]]], "config": {"kernel_initializer": {"class_name": "VarianceScaling", "config": {"distribution": "uniform", "scale": 1.0, "seed": null, "mode": "fan_avg"}}, "name": "dense_3", "kernel_constraint": null, "bias_regularizer": null, "bias_constraint": null, "activation": "tanh", "trainable": true, "kernel_regularizer": null, "bias_initializer": {"class_name": "Zeros", "config": {}}, "units": 64, "use_bias": true, "activity_regularizer": null}, "name": "dense_3"}], "input_layers": [["info_bi_input", 0, 0]], "name": "model_3", "output_layers": [["dense_3", 0, 0]]}}, "trainable": true, "name": "time_distributed_3"}, "inbound_nodes": [[["input_3", 0, 0, {}]]], "name": "time_distributed_3"}, {"class_name": "Concatenate", "config": {"trainable": true, "name": "concatenate_1", "axis": -1}, "inbound_nodes": [[["time_distributed_1", 0, 0, {}], ["time_distributed_2", 0, 0, {}], ["time_distributed_3", 0, 0, {}]]], "name": "concatenate_1"}, {"class_name": "LSTM", "config": {"recurrent_activation": "hard_sigmoid", "trainable": true, "recurrent_initializer": {"class_name": "Orthogonal", "config": {"seed": null, "gain": 1.0}}, "use_bias": true, "bias_regularizer": null, "return_state": false, "unroll": false, "activation": "tanh", "bias_initializer": {"class_name": "Zeros", "config": {}}, "units": 100, "unit_forget_bias": true, "activity_regularizer": null, "recurrent_dropout": 0.4, "kernel_initializer": {"class_name": "VarianceScaling", "config": {"distribution": "uniform", "scale": 1.0, "seed": null, "mode": "fan_avg"}}, "kernel_constraint": null, "dropout": 0.0, "stateful": false, "recurrent_regularizer": null, "name": "lstm_1", "bias_constraint": null, "go_backwards": false, "implementation": 1, "kernel_regularizer": null, "return_sequences": true, "recurrent_constraint": null}, "inbound_nodes": [[["concatenate_1", 0, 0, {}]]], "name": "lstm_1"}, {"class_name": "LSTM", "config": {"recurrent_activation": "hard_sigmoid", "trainable": true, "recurrent_initializer": {"class_name": "Orthogonal", "config": {"seed": null, "gain": 1.0}}, "use_bias": true, "bias_regularizer": null, "return_state": false, "unroll": false, "activation": "tanh", "bias_initializer": {"class_name": "Zeros", "config": {}}, "units": 100, "unit_forget_bias": true, "activity_regularizer": null, "recurrent_dropout": 0.4, "kernel_initializer": {"class_name": "VarianceScaling", "config": {"distribution": "uniform", "scale": 1.0, "seed": null, "mode": "fan_avg"}}, "kernel_constraint": null, "dropout": 0.0, "stateful": false, "recurrent_regularizer": null, "name": "lstm_2", "bias_constraint": null, "go_backwards": false, "implementation": 1, "kernel_regularizer": null, "return_sequences": true, "recurrent_constraint": null}, "inbound_nodes": [[["lstm_1", 0, 0, {}]]], "name": "lstm_2"}, {"class_name": "InputLayer", "config": {"dtype": "float32", "batch_input_shape": [null, 1], "name": "info_input", "sparse": false}, "inbound_nodes": [], "name": "info_input"}, {"class_name": "LSTM", "config": {"recurrent_activation": "hard_sigmoid", "trainable": true, "recurrent_initializer": {"class_name": "Orthogonal", "config": {"seed": null, "gain": 1.0}}, "use_bias": true, "bias_regularizer": null, "return_state": false, "unroll": false, "activation": "tanh", "bias_initializer": {"class_name": "Zeros", "config": {}}, "units": 100, "unit_forget_bias": true, "activity_regularizer": null, "recurrent_dropout": 0.4, "kernel_initializer": {"class_name": "VarianceScaling", "config": {"distribution": "uniform", "scale": 1.0, "seed": null, "mode": "fan_avg"}}, "kernel_constraint": null, "dropout": 0.0, "stateful": false, "recurrent_regularizer": null, "name": "lstm_3", "bias_constraint": null, "go_backwards": false, "implementation": 1, "kernel_regularizer": null, "return_sequences": true, "recurrent_constraint": null}, "inbound_nodes": [[["lstm_2", 0, 0, {}]]], "name": "lstm_3"}, {"class_name": "Embedding", "config": {"embeddings_initializer": {"class_name": "RandomUniform", "config": {"maxval": 0.05, "seed": null, "minval": -0.05}}, "name": "embedding_2", "dtype": "float32", "output_dim": 32, "trainable": true, "embeddings_regularizer": null, "input_dim": 2370, "mask_zero": false, "embeddings_constraint": null, "batch_input_shape": [null, 1], "activity_regularizer": null, "input_length": 1}, "inbound_nodes": [[["info_input", 0, 0, {}]]], "name": "embedding_2"}, {"class_name": "TimeDistributed", "config": {"layer": {"class_name": "Dense", "config": {"kernel_initializer": {"class_name": "VarianceScaling", "config": {"distribution": "uniform", "scale": 1.0, "seed": null, "mode": "fan_avg"}}, "name": "dense_4", "kernel_constraint": null, "bias_regularizer": null, "bias_constraint": null, "activation": "tanh", "trainable": true, "kernel_regularizer": null, "bias_initializer": {"class_name": "Zeros", "config": {}}, "units": 100, "use_bias": true, "activity_regularizer": null}}, "trainable": true, "name": "time_distributed_4"}, "inbound_nodes": [[["lstm_3", 0, 0, {}]]], "name": "time_distributed_4"}, {"class_name": "InputLayer", "config": {"dtype": "float32", "batch_input_shape": [null, 20], "name": "aux_input", "sparse": false}, "inbound_nodes": [], "name": "aux_input"}, {"class_name": "Flatten", "config": {"trainable": true, "name": "flatten_2", "data_format": "channels_last"}, "inbound_nodes": [[["embedding_2", 0, 0, {}]]], "name": "flatten_2"}, {"class_name": "Att_Hawkes_user", "config": {"trainable": true, "name": "att__hawkes_user_1"}, "inbound_nodes": [[["time_distributed_4", 0, 0, {}], ["aux_input", 0, 0, {}], ["flatten_2", 0, 0, {}]]], "name": "att__hawkes_user_1"}, {"class_name": "Dense", "config": {"kernel_initializer": {"class_name": "VarianceScaling", "config": {"distribution": "uniform", "scale": 1.0, "seed": null, "mode": "fan_avg"}}, "name": "dense_5", "kernel_constraint": null, "bias_regularizer": null, "bias_constraint": null, "activation": "tanh", "trainable": true, "kernel_regularizer": null, "bias_initializer": {"class_name": "Zeros", "config": {}}, "units": 100, "use_bias": true, "activity_regularizer": null}, "inbound_nodes": [[["att__hawkes_user_1", 0, 0, {}]]], "name": "dense_5"}, {"class_name": "Dense", "config": {"kernel_initializer": {"class_name": "VarianceScaling", "config": {"distribution": "uniform", "scale": 1.0, "seed": null, "mode": "fan_avg"}}, "name": "dense_6", "kernel_constraint": null, "bias_regularizer": null, "bias_constraint": null, "activation": "softmax", "trainable": true, "kernel_regularizer": null, "bias_initializer": {"class_name": "Zeros", "config": {}}, "units": 2, "use_bias": true, "activity_regularizer": null}, "inbound_nodes": [[["dense_5", 0, 0, {}]]], "name": "dense_6"}], "input_layers": [["input_1", 0, 0], ["input_2", 0, 0], ["input_3", 0, 0], ["info_input", 0, 0], ["aux_input", 0, 0]], "output_layers": [["dense_6", 0, 0]], "name": "model_4"}, "backend": "tensorflow"}